{
  "experiment": "synthetic_plv_sweep",
  "timestamp": "2026-04-12T08:28:47.120727+00:00",
  "coupling_k": [
    0.0,
    0.5,
    1.0,
    2.0,
    3.0,
    5.0
  ],
  "plv": [
    0.15317844352975865,
    0.07418855912243943,
    0.21379562671677496,
    0.33817526529479824,
    0.9704617589820861,
    0.9971857213721367
  ],
  "iplv": [
    0.1255983429197747,
    0.07400237701390927,
    0.16781063049134554,
    0.3322213404108239,
    0.9703610111685036,
    0.6164491159080061
  ],
  "p_value": [
    0.4515484515484515,
    0.8951048951048951,
    0.32167832167832167,
    0.23976023976023977,
    0.000999000999000999,
    0.000999000999000999
  ],
  "significant": [
    false,
    false,
    false,
    false,
    true,
    true
  ],
  "seed": 42,
  "n_surrogates": 1000,
  "n_samples": 4096,
  "fs": 256.0,
  "held_out_fraction": 0.3,
  "evidence_status": "Tentative",
  "note": "Synthetic validation only \u2014 not real EEG confirmation"
}